Breed Name,Weight(g),Height(cm),Longevity(yrs),Energy level,Attention Needs,Coat Lenght,Sex,Owner Name
Bichon Frise,4880.6318,,14.0204,high,high,short,male,Garner
Beagle,10451.8973,35.474,13.8841,med,high,short,male,Beasley
Bichon Frise,4104.2611,,13.3146,med,high,med,male,Anderson
Bichon Frise,4817.2744,30.4968,13.1102,med,high,med,female,Lamb
Beagle,9549.7544,34.5986,13.8874,high,high,short,female,Maddox
Bichon Frise,4295.8279,30.3597,13.1488,med,high,med,male,Harper
Bichon Frise,5641.2285,,13.2789,med,high,med,male,Gregory
Boxer,32672.2484,55.1384,9.0034,high,med,short,female,Oconnor
Welsh Corgi,14959.5398,,9.799,high,high,med,female,Odom
Boxer,32633.8793,59.4081,7.9557,high,high,med,male,Nelson
Boxer,26453.0115,,8.1018,high,high,short,male,Castillo
Bichon Frise,6288.6484,,13.0122,med,high,med,female,Torres
Bichon Frise,4485.7716,30.2091,14.1203,low,med,med,female,Berg
Boxer,30864.7352,,9.2532,high,high,med,female,Rogers
Welsh Corgi,10563.7619,31.8695,11.6575,med,high,med,female,Schultz
Boxer,28994.5284,59.559,8.9234,high,high,short,female,Buck
Beagle,8071.958,35.6307,12.064,med,high,short,male,Anderson
Bichon Frise,5051.7863,,15.3914,med,high,med,male,Cline
Beagle,10841.8762,38.034,12.4709,med,high,short,male,Jackson
Bichon Frise,6731.2005,30.4915,14.9663,med,high,med,male,Sanchez
Bichon Frise,3700.0598,30.7322,14.2723,med,high,med,female,Garza
Beagle,13298.3409,36.3685,11.8724,med,high,short,male,Hill
Boxer,21405.6723,,9.8806,high,high,short,female,Gray
Boxer,30064.5187,60.1455,8.2717,high,high,short,female,Barber
Boxer,21912.4706,57.6128,9.153,high,med,short,male,Fernandez
Bichon Frise,6275.2398,30.3765,12.2715,low,high,med,female,Mann
Beagle,9577.1514,38.6269,12.9425,med,high,short,male,Taylor
Beagle,6308.1898,37.4157,12.3645,med,high,short,female,Sullivan
Bichon Frise,4847.538,30.1893,12.7945,med,high,short,female,Lawson
Beagle,8261.2961,,14.9949,low,high,short,male,Baker
Bichon Frise,5076.4661,,12.0458,med,high,med,female,Wagner
Boxer,25049.8657,55.355,9.9394,high,high,short,female,Nguyen
Boxer,30381.5805,57.2433,10.0784,high,med,short,female,Bishop
Bichon Frise,5349.135,30.3591,13.3679,med,high,med,male,Thompson
Welsh Corgi,14749.8601,27.1645,11.1659,high,high,med,male,Rush
Beagle,9920.9598,35.464,14.7556,high,high,short,male,Myers
Boxer,28803.6829,59.574,9.3002,high,high,short,male,Williams
Welsh Corgi,11251.5507,30.622,11.1269,med,high,short,female,Barker
Welsh Corgi,12894.7353,26.7649,10.8996,low,high,med,male,Silva
Bichon Frise,4972.039,30.4044,13.0928,med,high,med,male,Weaver
Boxer,29294.7835,58.5465,8.9891,high,high,short,female,Smith
Beagle,10128.9199,38.1304,12.5998,med,high,short,female,Castillo
Bichon Frise,3017.6576,30.4339,12.9008,med,high,med,male,Mendoza
Beagle,13840.1702,,13.7899,med,high,short,male,Jordan
Welsh Corgi,13699.6325,,12.1011,med,high,med,female,Robertson
Welsh Corgi,11990.0279,29.8312,10.4804,med,high,med,male,Hill
Bichon Frise,6006.3338,30.2952,13.5036,med,high,med,female,Park
Bichon Frise,4198.2048,30.2321,13.2579,high,high,med,male,Patrick
Welsh Corgi,11093.9024,,11.3963,med,high,short,female,Wells
Bichon Frise,5566.8038,30.6091,13.2738,med,high,long,female,Johnson
Boxer,32503.2401,57.6731,9.4127,high,high,short,male,Brown
Boxer,21270.598,,9.5374,high,high,short,male,Ford
Boxer,28387.6183,58.1674,8.5511,high,high,short,male,Foster
Bichon Frise,6174.4355,30.2878,12.9503,med,med,short,male,Smith
Boxer,30840.7748,,8.6052,high,high,short,male,Young
Bichon Frise,4636.7268,,15.9652,med,high,med,male,Flores
Bichon Frise,2816.2848,30.2546,13.8594,med,med,med,female,Morrow
Beagle,10420.0361,33.2975,14.0233,med,high,short,male,Austin
Boxer,26632.6533,57.0378,9.242,high,high,short,male,Reynolds
Welsh Corgi,14478.9796,25.7422,9.9947,med,high,med,male,Chase
Boxer,27748.6057,58.6223,8.8343,high,high,short,female,Reed
Welsh Corgi,10212.379,30.6158,11.6398,high,high,med,female,Smith
Boxer,25399.506,,9.6106,high,high,med,female,Fields
Bichon Frise,4418.3582,30.435,12.5196,med,high,short,female,Stewart
Boxer,36058.7889,57.9216,8.7997,high,high,short,male,Hendricks
Welsh Corgi,16768.2768,32.6768,11.4344,med,high,med,female,Anderson
Welsh Corgi,14619.4276,28.2633,11.1174,med,high,med,female,Jackson
Boxer,27345.1314,56.8631,9.6401,high,med,short,male,Lawson
Bichon Frise,3413.2295,31.042,13.9026,med,high,med,female,Mcgrath
Boxer,25613.4699,,9.3802,high,med,short,male,Bernard
Welsh Corgi,11728.8069,,10.3226,med,high,med,female,Hardin
Welsh Corgi,11570.2016,,11.1058,med,high,med,male,Spence
Beagle,9371.6791,32.2129,12.693,med,high,short,male,Miller
Bichon Frise,3498.8157,,13.7439,med,high,med,male,Allen
Welsh Corgi,14553.2956,30.1944,11.7492,high,high,short,female,Rogers
Beagle,12473.5837,35.2004,13.0452,med,high,short,female,Kelly
Bichon Frise,4751.9061,30.9823,13.3193,med,high,med,male,Kennedy
Bichon Frise,3806.2519,30.5261,13.3839,med,high,med,female,Bridges
Bichon Frise,2114.5586,30.4952,13.7213,high,high,long,female,Shaw
Beagle,10625.9539,36.9122,13.9544,low,high,short,male,Taylor
Beagle,8670.3114,,13.3961,med,high,short,female,Valenzuela
Boxer,31286.9097,60.7989,9.5673,high,high,short,female,Freeman
Welsh Corgi,16469.592,29.5381,10.486,med,high,med,female,Collins
Welsh Corgi,16287.3943,25.4251,10.16,high,med,long,female,Brown
Welsh Corgi,12939.8575,,12.0455,med,high,med,male,Clark
Boxer,33923.0749,61.6809,9.5552,high,high,short,female,Delgado
Welsh Corgi,12646.6779,29.2472,10.4695,med,high,med,female,Williams
Bichon Frise,5015.8003,30.3468,13.274,med,med,med,female,Osborne
Bichon Frise,4750.6054,30.8087,12.8914,low,high,med,female,Cox
Welsh Corgi,12857.3809,,10.5172,high,high,med,female,Kevin
Bichon Frise,4377.372,30.6408,14.5402,med,high,med,female,Wilson
Boxer,29235.2505,,8.1951,high,high,short,female,Cathy
Boxer,26988.776,57.0763,9.0517,high,high,short,female,Sims
Beagle,11044.6662,35.7855,13.7327,med,high,short,male,Baker
Welsh Corgi,15463.2902,,11.3431,med,high,med,male,Rios
Bichon Frise,4695.1928,30.3247,13.647,low,high,long,female,Daniels
Beagle,13348.7793,,13.1691,med,med,short,male,Crawford
Bichon Frise,3499.4558,30.7183,13.0,med,high,med,female,Mcneil
Beagle,13290.8799,36.082,12.4495,med,high,short,female,Brown
Beagle,10750.0808,32.2422,14.0285,med,high,short,female,Price
Boxer,30285.7651,53.9531,9.4865,high,high,short,female,Ramos
Bichon Frise,5581.7274,30.468,13.5998,med,high,long,male,Brady
Bichon Frise,5188.3002,30.0425,12.5631,med,high,med,female,Hicks
Welsh Corgi,10005.0318,,11.9786,med,high,med,female,Chambers
Welsh Corgi,12709.0108,32.5724,12.446,low,high,med,male,Lynch
Beagle,10171.5404,34.5744,15.3982,med,high,med,female,Rogers
Bichon Frise,4095.5805,,13.2791,med,high,short,female,Hill
Beagle,8799.4691,37.8889,13.4987,med,high,short,female,Perez
Boxer,33895.4222,57.5524,9.4678,high,high,short,male,Davis
Welsh Corgi,12100.618,30.9978,9.8455,low,high,med,male,Lynch
Boxer,32596.6896,59.3047,9.2375,high,high,med,female,Davis
Beagle,7223.2683,34.7387,10.8101,med,high,med,male,Jackson
Boxer,29614.2611,60.5603,9.5642,high,high,short,female,Walker
Boxer,31551.4647,61.8067,9.6489,med,high,short,female,Peters
Boxer,21679.0931,57.5152,9.6563,high,high,med,female,Wilson
Welsh Corgi,13495.5071,33.3876,11.6356,low,high,med,male,Ryan
Boxer,27872.7383,57.8761,8.4995,high,high,med,male,Robinson
Bichon Frise,5211.786,30.6148,14.4066,med,high,med,male,Brown
Beagle,11576.9147,,15.5079,med,high,short,male,Mendez
Welsh Corgi,12875.4151,28.4597,11.1387,low,high,med,male,Scott
Bichon Frise,3197.3511,,15.232,med,high,med,male,Curry
Welsh Corgi,12132.057,29.2039,10.6797,med,high,med,female,Nicole
Bichon Frise,4825.5844,30.3724,13.0674,med,high,med,male,Baldwin
Beagle,9007.8676,33.5011,12.9917,med,high,short,female,Campbell
Welsh Corgi,11587.0202,29.2112,10.2594,med,high,med,male,Smith
Boxer,23495.2471,58.2115,8.2757,med,high,short,male,Mack
Beagle,6547.0545,33.9988,15.5693,med,high,short,female,Parker
Bichon Frise,4652.8336,,14.3254,med,high,med,male,Lewis
Bichon Frise,4311.8246,,13.6698,med,high,med,female,Hill
Bichon Frise,5633.3802,,14.8964,med,high,med,male,Allen
Welsh Corgi,12509.1446,26.5705,10.1058,low,high,med,male,Parker
Boxer,29577.9894,57.8329,9.6925,high,high,short,male,Perry
Bichon Frise,4027.4558,30.3864,14.2392,med,high,med,female,Green
Beagle,11250.5151,,11.7681,med,high,short,male,Kelly
Welsh Corgi,13567.9181,27.3729,11.6292,med,high,med,female,Graham
Boxer,30329.0071,57.7368,9.3146,high,high,short,male,Roberts
Welsh Corgi,13396.7953,27.5951,10.5445,med,high,med,female,Ward
Bichon Frise,5235.3674,30.7594,12.131,med,high,med,male,Marshall
Boxer,25206.0082,,8.3786,high,high,med,male,Evans
Boxer,30504.0796,60.7828,8.562,high,high,short,male,Powers
Bichon Frise,5261.8342,30.5256,13.0262,med,high,med,female,Green
Boxer,24857.9431,56.0194,8.9435,high,high,short,male,Rivas
Welsh Corgi,15084.8888,31.7485,10.9121,high,high,med,female,Aguirre
Welsh Corgi,14316.4193,30.4305,11.0527,low,high,med,female,Smith
Welsh Corgi,13635.6154,28.7685,10.596,med,med,med,female,Jones
Welsh Corgi,12794.0215,27.1218,10.785,low,high,med,female,Hurley
Bichon Frise,4368.8122,30.6182,12.9798,med,high,med,female,Schneider
Boxer,26149.123,58.1319,8.5977,high,high,short,female,Strong
Welsh Corgi,17243.2658,25.2427,10.7548,med,med,med,female,Sosa
Beagle,10774.7974,34.3155,13.3108,high,high,short,female,Allen
Boxer,33968.6449,,9.4866,med,high,short,male,Little
Bichon Frise,4999.3808,30.0951,14.0148,med,high,med,male,Orr
Beagle,8355.9833,37.3964,13.0052,med,high,short,male,Callahan
Bichon Frise,6598.8857,29.8737,13.2928,high,med,med,female,Jones
Beagle,10040.0153,34.4973,14.5068,med,high,short,female,Ortega
Welsh Corgi,14948.7313,33.9043,10.5666,med,high,med,female,Davis
Welsh Corgi,13548.8587,32.0529,10.3749,low,high,med,female,Smith
Beagle,9958.4737,35.6544,14.3169,med,high,short,female,Ortega
Bichon Frise,5263.5979,,12.7274,med,high,med,female,Johns
Beagle,12021.4696,37.9753,13.2639,med,med,med,male,Mcconnell
Beagle,8135.5409,33.7581,14.6348,med,high,short,male,Sanders
Beagle,10101.5132,33.3376,12.5337,med,high,short,female,Lawrence
Bichon Frise,4937.2212,30.6069,11.9881,med,high,med,female,Powell
Boxer,32501.2579,57.4658,9.4785,high,med,short,male,Murray
Boxer,33232.1606,58.5695,8.9061,high,high,short,female,Walker
Bichon Frise,2664.2492,30.0097,13.4827,med,high,med,male,Reed
Beagle,12242.5887,,11.6642,med,high,short,male,Jones
Beagle,11124.6241,38.166,13.578,med,high,short,male,Villarreal
Bichon Frise,4794.4774,30.0004,13.1454,med,high,med,female,Johnson
Bichon Frise,5221.2837,30.5682,12.8923,low,high,med,female,Choi
Bichon Frise,3427.4722,30.4121,14.4574,med,high,med,female,Johnson
Welsh Corgi,9853.1739,,11.0018,med,high,med,female,Woods
Boxer,24278.9652,57.482,8.8763,high,high,short,female,Gill
Bichon Frise,6373.8258,30.8098,14.2982,med,high,short,female,Brown
Bichon Frise,5690.7821,30.6341,14.7831,med,high,med,male,Ford
Welsh Corgi,13524.7417,,10.4027,med,high,med,female,Singleton
Bichon Frise,4997.1,29.8939,13.738,med,high,med,male,Gonzalez
Welsh Corgi,12825.9708,28.5362,10.8307,low,high,med,male,Rivers
Boxer,24958.2981,59.5061,9.0793,high,high,short,female,Campbell
Beagle,9731.3148,,14.0347,high,high,short,male,Hernandez
Boxer,28017.2284,56.9577,8.6142,high,high,short,female,Elliott
Bichon Frise,2929.1706,30.2444,12.7503,med,high,med,male,Herman
Boxer,36936.3892,59.8019,8.1086,high,high,short,female,Marshall
Bichon Frise,2250.8318,30.6577,14.2388,med,high,med,female,Gaines
Bichon Frise,4035.5906,30.4483,12.7522,med,high,med,male,Harris
Beagle,10693.3446,34.808,13.0465,med,high,short,female,Drake
Bichon Frise,5032.6478,30.5098,15.9505,med,high,med,male,Cooper
Bichon Frise,5783.4046,,14.0974,med,high,med,male,Rios
Beagle,12218.445,37.9493,14.0235,med,high,med,male,Mckinney
Boxer,30238.6876,57.4995,9.3457,high,high,short,male,Edwards
Beagle,10036.2353,,14.0112,med,med,short,male,Morrison
Bichon Frise,5404.3656,,13.8582,low,high,med,female,Diaz
Boxer,29991.4569,,9.9083,high,high,short,male,Alvarez
Boxer,27421.1908,59.0648,9.8928,high,high,short,female,Brown
Boxer,31814.6421,60.2942,9.0776,high,high,short,female,Figueroa
Beagle,12275.8503,35.3066,13.5513,med,high,short,male,Price
Boxer,29434.749,58.3026,8.4935,high,high,short,male,Adams
Beagle,9953.9754,33.5365,12.0346,med,high,short,female,Sullivan
Bichon Frise,4537.7998,29.9241,14.2133,high,high,med,female,Gonzalez
Boxer,27098.5674,,9.4277,high,high,short,male,Jones
Bichon Frise,4329.2755,30.5405,13.7858,med,high,med,female,Gibson
Bichon Frise,4661.8169,30.8223,14.0639,med,high,short,female,Morales
Boxer,32720.5693,57.5207,8.2599,high,high,short,male,Tapia
Boxer,30839.464,57.8966,9.2671,high,high,short,male,Foster
Beagle,9762.0454,34.3637,14.0471,med,high,short,male,Farmer
Beagle,10637.4379,,13.0871,med,high,short,male,Davidson
Bichon Frise,4561.9636,30.5686,13.1003,high,high,med,male,Hahn
Boxer,28500.966,58.6034,9.2298,high,high,short,female,Stevens
Welsh Corgi,13731.2418,,10.4281,high,high,med,female,Robertson
Boxer,29539.6876,,8.8314,high,high,med,male,Hill
Boxer,27864.1723,56.7792,8.9874,high,high,short,female,Franklin
Boxer,22442.496,,9.405,high,high,short,male,Cisneros
Welsh Corgi,14989.9563,29.4714,11.4533,med,high,med,male,Williams
Welsh Corgi,14787.5464,,11.214,med,high,med,female,Garcia
Beagle,8201.9411,35.6013,12.1615,med,high,short,male,Young
Boxer,26598.1151,58.806,9.1462,high,high,short,male,Cochran
Boxer,27198.9465,58.1395,8.6038,high,high,short,female,Guerrero
Welsh Corgi,13198.943,25.2162,10.104,med,high,med,male,Mclaughlin
Boxer,27087.8377,,8.8717,high,high,short,female,Payne
Welsh Corgi,13760.41,27.7974,10.5674,low,high,med,female,Simpson
Welsh Corgi,14490.4546,32.8778,10.4609,med,high,med,female,Brown
Welsh Corgi,13408.3765,32.0017,10.5091,med,med,short,female,Larson
Bichon Frise,5201.1649,30.4678,12.1902,med,high,med,female,Santos
Welsh Corgi,13502.7733,27.113,10.702,med,med,short,female,Thompson
Welsh Corgi,13886.0158,28.7974,9.9936,med,high,med,female,Morris
Welsh Corgi,15524.611,29.8265,10.5561,med,med,med,female,Maldonado
Boxer,26799.4815,57.4069,8.4524,high,high,short,female,Schwartz
Bichon Frise,5050.1687,29.8684,15.3901,med,high,med,male,Sutton
Welsh Corgi,12114.375,29.0522,11.6024,med,high,long,male,Thompson
Welsh Corgi,17345.3029,30.6735,10.8783,high,med,med,female,Dixon
Beagle,15352.7634,36.2094,15.0053,med,high,short,male,Hamilton
Boxer,35090.6976,59.5436,8.862,high,high,short,male,Mitchell
Welsh Corgi,12489.7077,32.6386,10.8819,med,high,med,female,Carter
Boxer,33911.924,57.9499,8.8873,high,high,short,female,Burns
Boxer,32213.5975,60.2412,9.9133,high,high,short,female,Anderson
Beagle,9006.0645,35.1833,15.5972,med,high,med,female,Rodriguez
Beagle,12416.7777,32.5098,13.4027,med,med,short,male,Meyer
Beagle,10724.7139,,13.224,med,high,med,female,Sampson
Boxer,25680.3948,59.1969,8.7293,high,high,short,female,Clark
Welsh Corgi,17414.4255,27.2543,10.1087,med,high,med,male,West
Beagle,9220.0748,33.3072,14.5642,med,med,med,male,Maldonado
Bichon Frise,3839.6771,30.6234,13.003,low,high,long,female,Cook
Bichon Frise,3956.3932,,13.2364,low,high,med,female,Hammond
Beagle,10334.8874,35.2865,13.4306,med,high,short,female,Smith
Boxer,28501.1581,58.4234,9.9424,high,high,short,male,Vasquez
Beagle,10720.6141,32.3441,12.8993,med,med,short,female,Roberts
Boxer,28497.2178,,8.3943,med,high,short,male,Ford
Bichon Frise,3794.1171,29.961,13.5831,low,high,med,female,Cortez
Boxer,32402.0884,,8.5476,high,high,short,male,Nguyen
Beagle,7655.8555,33.5932,12.274,med,high,short,male,Fisher
Boxer,21979.9039,57.1945,9.2162,high,med,short,female,Schneider
Beagle,12245.478,,14.5244,med,high,med,female,Mccarthy
Welsh Corgi,15497.1493,33.3383,12.2582,med,high,med,male,Garcia
Bichon Frise,5069.5302,30.4136,13.857,med,high,long,male,Ferguson
Beagle,11912.3161,34.9917,12.2506,med,high,short,female,Scott
Bichon Frise,5687.8524,29.5695,12.8638,low,high,short,female,Odom
Bichon Frise,5302.4047,30.2382,12.6135,med,high,med,female,Shah
Bichon Frise,3484.5752,30.2828,12.4293,med,high,med,male,Ortega
Beagle,15470.0299,37.4783,12.632,low,med,short,female,Patel
Welsh Corgi,12109.4354,,10.6373,med,high,med,male,Chavez
Bichon Frise,3657.2669,30.3121,11.9403,med,high,med,male,Barnes
Bichon Frise,3334.162,31.1766,15.0772,med,high,med,male,Jones
Bichon Frise,4495.7351,29.9677,12.9483,med,high,med,male,Lawson
Boxer,30034.93,56.8697,9.3632,high,high,short,female,English
Boxer,24578.1514,57.7553,9.0248,high,high,short,male,Johnson
Beagle,13054.2295,37.1862,15.2515,low,high,short,female,Allison
Beagle,9826.0705,,15.1626,med,high,short,female,Shields
Welsh Corgi,14251.8306,34.8625,9.4047,med,high,long,male,Lee
Beagle,11408.9617,34.049,13.9665,med,med,short,male,Stokes
Bichon Frise,5794.6293,30.6151,14.4997,med,high,short,male,Hernandez
Bichon Frise,4556.8773,30.2151,14.1354,med,med,med,female,Nolan
Welsh Corgi,16551.4144,31.4592,11.0722,med,high,med,female,Jason
Bichon Frise,4088.0044,30.0254,13.5519,med,high,med,male,Simpson
Boxer,35940.5143,58.7154,8.9598,high,med,short,male,Mccarthy
Beagle,8987.107,,13.987,med,high,short,male,Lyons
Beagle,12267.9012,32.7351,13.5836,med,high,short,female,Thomas
Welsh Corgi,14637.7584,22.9901,10.714,med,high,med,male,Weber
Welsh Corgi,14977.6263,28.8839,10.8611,med,high,short,female,Baker
Boxer,26909.2805,59.0817,7.8051,high,high,short,male,Lopez
Boxer,27772.6283,58.6048,8.6457,high,med,short,female,Holland
Beagle,11032.1064,34.4362,13.1293,med,med,short,male,Sanchez
Bichon Frise,5554.5827,30.2229,12.3029,med,high,med,female,Wright
Bichon Frise,4745.9933,30.8717,14.9903,med,high,med,female,Chapman
Welsh Corgi,14231.3475,30.9437,10.6444,med,high,med,female,Vasquez
Bichon Frise,3938.5396,,13.9388,med,high,med,male,Lester
Bichon Frise,4703.7557,,12.6119,med,high,med,male,Esparza
Boxer,31265.772,,9.7764,high,high,short,male,Cooper
Welsh Corgi,14092.7848,28.0465,11.6756,med,high,med,male,Mcguire
Beagle,9694.8225,38.5053,13.9786,med,med,short,female,Perkins
Beagle,11377.6105,35.4823,12.4852,med,high,short,female,Lowe
Welsh Corgi,12322.4995,33.9591,11.0601,med,high,med,male,Hart
Welsh Corgi,15421.122,25.5559,10.0813,med,high,med,male,Morrow
Bichon Frise,3870.3933,30.7848,14.0292,med,high,med,male,Chan
Welsh Corgi,12435.0048,30.9884,10.4351,med,high,med,female,Barr
Bichon Frise,3992.8828,30.7311,12.246,med,med,med,female,Clay
Welsh Corgi,11232.5031,25.9214,11.1783,med,high,short,male,Hernandez
Beagle,11431.5102,,13.3645,med,high,short,female,Curry
Beagle,8580.7874,37.506,12.9595,med,high,short,male,Jones
Welsh Corgi,12593.4204,29.8087,11.4951,med,high,med,female,Carney
Welsh Corgi,14057.0512,29.3808,9.3677,med,high,med,male,Wilson
Welsh Corgi,12444.5438,29.6438,12.2871,med,high,med,male,Gutierrez
Welsh Corgi,14290.7604,27.316,10.4631,med,high,med,female,Valdez
Bichon Frise,2623.6203,30.4166,15.0933,med,high,short,male,Wheeler
Welsh Corgi,13324.7812,,11.5377,med,high,med,male,Fowler
Bichon Frise,6493.5109,,12.1123,med,high,med,female,Smith
Bichon Frise,5560.4377,30.26,14.0285,med,high,med,male,Erickson
Welsh Corgi,16074.1169,,11.9586,med,med,long,female,Allen
Welsh Corgi,15545.1914,30.8597,10.5784,med,high,long,male,Jones
Welsh Corgi,12209.5044,27.6564,11.9628,high,high,med,female,Smith
Welsh Corgi,13030.5713,32.2989,11.5704,med,high,med,male,Lee
Bichon Frise,3637.7239,30.7839,14.335,med,high,med,female,Abbott
Beagle,10252.342,31.3385,12.2897,med,high,med,male,Anderson
Welsh Corgi,13088.0724,24.6007,11.0562,med,high,med,female,Bird
Bichon Frise,5900.0376,30.3163,13.678,med,high,med,female,Cohen
Bichon Frise,3296.8848,,13.1598,med,high,med,female,Johnson
Welsh Corgi,11393.126,28.9915,10.8321,med,high,med,female,Mccarthy
Bichon Frise,3427.7095,30.3778,14.3581,low,high,med,male,Peters
Boxer,25830.078,,9.1836,high,high,short,female,Kelly
Boxer,26014.7825,62.3971,9.0289,high,high,short,female,Garcia
Boxer,31494.9659,58.5521,8.659,high,high,short,male,Phillips
Boxer,24983.1007,58.8122,8.651,high,high,short,male,Aguilar
Beagle,10165.569,36.0762,12.9364,high,high,short,female,Johnson
Beagle,11418.5497,36.3181,12.0369,med,high,short,female,Odonnell
Bichon Frise,5340.7599,,13.8086,med,high,med,male,Bautista
Welsh Corgi,13886.1196,,11.8682,med,high,long,male,Williams
Beagle,9322.7373,34.6965,14.4642,med,high,short,female,Richardson
Boxer,40302.5239,58.7023,9.642,high,high,short,male,Marshall
Boxer,34484.85,59.054,10.0335,high,high,short,female,Hopkins
Boxer,21351.03,59.1384,9.0313,high,high,short,female,Perez
Beagle,11018.856,36.7638,13.0014,med,high,short,female,Stewart
Boxer,20245.6418,61.0967,8.9643,high,high,short,male,Duran
Boxer,31165.1058,60.004,9.6381,high,high,short,female,Adams
Beagle,9560.4676,36.9867,13.3603,med,high,short,female,Turner
Bichon Frise,3393.969,30.7524,12.134,low,med,med,female,Morris
Welsh Corgi,13201.3676,27.0106,11.6661,med,high,med,male,Clark
Bichon Frise,4423.5669,,13.8071,low,high,med,male,Garcia
Bichon Frise,4371.6985,30.4681,14.9712,med,high,med,male,Adams
Bichon Frise,4580.5116,,14.0877,med,high,med,male,Oneill
Boxer,33499.0936,,9.0098,high,high,short,male,Ewing
Beagle,9148.5113,34.4477,14.0145,med,high,med,female,Mcmillan
Bichon Frise,5050.4072,,11.9904,med,high,med,male,Fischer
Beagle,10142.2425,36.2404,12.7913,med,high,short,female,Hester
Bichon Frise,5522.2192,30.8409,12.951,med,high,med,male,Lynch
Bichon Frise,4801.738,,14.8344,med,high,med,female,Lutz
Welsh Corgi,12476.8425,33.5714,12.089,med,med,med,female,Patterson
Bichon Frise,5269.219,,13.9628,med,high,med,male,Jones
Beagle,11986.9363,33.9404,12.3039,med,high,short,male,Rodriguez
Welsh Corgi,14331.3229,30.2905,11.6367,med,high,long,female,Anthony
Bichon Frise,4343.199,29.9934,13.121,high,high,med,female,Lambert
Boxer,28972.7925,58.7945,8.7968,high,high,short,male,Newton
Bichon Frise,4418.2122,,11.7266,med,high,short,female,Martin
Beagle,10361.4114,35.6202,14.1444,med,high,short,female,Ryan
Beagle,12433.7189,35.8828,14.8532,med,high,short,male,Black
Bichon Frise,6665.6727,31.1251,13.6586,high,high,med,female,Trevino
Welsh Corgi,16754.4378,26.2638,11.0564,med,med,med,male,Sampson
Boxer,30918.3057,,9.3553,high,high,short,male,Hoffman
Beagle,11201.4464,,12.1822,med,high,short,male,Parks
Beagle,12215.423,35.384,14.4184,med,high,short,female,Moore
Boxer,28030.5123,59.7256,9.7891,high,high,short,female,Henderson
Welsh Corgi,12604.6291,31.3826,11.5536,low,high,med,male,Gonzalez
Boxer,33424.2113,60.1058,8.7007,high,high,short,female,Dixon
Beagle,10872.9711,,15.149,med,high,short,male,Clark
Welsh Corgi,12977.7923,29.7033,10.5573,med,high,med,male,Williams
Welsh Corgi,13838.9293,29.7092,11.3852,med,high,med,female,Leach
Bichon Frise,4245.6907,30.3458,15.2033,med,high,med,female,Meyers
Beagle,12428.5851,33.5321,13.6055,med,high,short,male,Jackson
Bichon Frise,5899.4939,30.2031,14.2614,med,med,long,female,Sanders
Bichon Frise,2496.8501,30.3682,12.8615,med,high,med,male,Cox
Bichon Frise,4929.7688,30.5003,14.2302,med,high,med,male,Murray
Boxer,33128.2681,58.0487,9.8599,med,high,short,male,Blake
Welsh Corgi,9714.5274,26.8034,11.468,med,high,med,female,Hanson
Bichon Frise,2609.406,30.3651,12.8179,med,high,med,male,Hayes
Beagle,11179.2298,33.5822,13.1741,med,high,short,male,Sanchez
Welsh Corgi,13711.3935,27.6478,10.7657,med,high,med,female,Gutierrez
Boxer,29606.5079,60.6498,8.3781,high,high,short,female,Scott
Beagle,11585.3853,35.8204,12.5525,med,high,short,female,Guerra
Boxer,34220.8969,58.4007,8.3071,high,high,short,male,Garcia
Welsh Corgi,12258.4776,29.1489,10.1783,med,high,med,female,Horton
Welsh Corgi,13389.0563,,10.346,med,high,med,male,Henson
Beagle,9437.1121,,13.7885,med,med,short,male,Foster
Welsh Corgi,11880.8275,26.5406,10.4797,low,high,long,male,Mendoza
Beagle,11775.0109,34.8887,15.2914,med,med,short,male,Parker
Boxer,25770.2125,56.3651,10.1529,high,high,med,female,Cardenas
Bichon Frise,3347.704,,13.9401,low,high,med,male,Wood
Beagle,12084.7115,32.9883,13.9703,med,high,short,male,Johnson
Boxer,30030.2466,58.1857,7.9765,high,high,short,female,Nelson
Welsh Corgi,14127.2095,,10.9325,med,high,med,male,Smith
Bichon Frise,6260.3826,31.0282,12.6575,med,med,med,female,Berry
Welsh Corgi,16140.9331,,11.7965,med,high,med,male,Davis
Bichon Frise,5045.7838,31.3472,12.7062,med,med,short,male,Thompson
Bichon Frise,3384.6704,30.6912,14.2878,low,high,med,male,Lawrence
Boxer,28605.0444,56.5916,9.4266,high,high,short,female,Rodriguez
Beagle,10527.3051,39.3582,14.1743,med,high,short,female,Campbell
Bichon Frise,5292.3697,30.7247,12.4682,med,high,med,female,Dixon
Bichon Frise,4767.7299,30.0965,12.9547,med,med,med,female,Crawford
Beagle,9716.4058,35.5048,12.1215,med,high,short,male,Lawrence
Boxer,18942.1125,56.928,8.3566,high,high,short,male,Walker
Beagle,6606.2378,,13.0611,med,high,med,male,Steele
Beagle,9626.0004,36.8055,13.2794,med,high,short,male,Brooks
Bichon Frise,3461.7143,,14.0353,low,high,long,female,Cook
Boxer,30980.4215,56.8833,8.7049,high,high,short,female,Anderson
Beagle,12553.362,34.6431,13.0533,med,high,short,female,Kane
Welsh Corgi,15245.1702,29.7294,9.8564,low,high,short,female,Davis
Boxer,31425.1036,58.9804,8.3273,high,high,short,female,Brown
Beagle,11835.4094,33.8312,12.8726,low,high,short,female,Roberts
Welsh Corgi,14037.8727,,11.0462,med,high,med,male,Torres
Boxer,24066.786,59.524,9.3784,high,high,short,male,Odom
Welsh Corgi,14436.1177,,11.7829,med,med,med,female,Lewis
Welsh Corgi,11507.861,30.9,11.3479,med,high,long,male,Owens
Beagle,12908.4682,34.5889,13.0317,med,high,short,female,Gibson
Beagle,10391.8565,36.5358,14.351,med,high,short,female,Gomez
Welsh Corgi,17187.9862,28.0857,10.6952,med,high,med,female,Steven
Boxer,29892.7766,,8.5574,high,high,short,female,Weber
Boxer,28944.7159,58.1963,9.0381,high,high,short,female,Hernandez
Beagle,10235.449,33.1377,12.9675,med,high,short,male,Walker
Welsh Corgi,15663.6506,25.9265,10.8798,med,high,med,male,Miller
Welsh Corgi,14323.8585,27.1248,11.7414,med,high,med,female,Martinez
Beagle,8676.7862,,13.0394,med,high,short,male,Timothy
Bichon Frise,4407.0286,30.6257,14.4092,med,high,med,female,Norman
Boxer,26881.3393,60.3243,8.8374,med,high,short,female,Dickson
Beagle,8531.6657,,13.0681,med,med,short,male,Perkins
Boxer,28487.968,55.9779,9.1767,high,high,short,female,Martin
Beagle,12715.71,,14.1801,med,high,short,male,Davis
Bichon Frise,5485.7428,30.104,14.8598,low,high,med,female,Klein
Welsh Corgi,16036.6584,31.5265,10.9219,med,high,med,male,Grimes
Beagle,13780.3926,,13.433,low,high,short,male,Hodges
Bichon Frise,3213.537,30.7195,13.2369,med,high,med,female,Chavez
Bichon Frise,2500.257,31.1243,14.4107,high,high,med,female,Taylor
Welsh Corgi,14661.8865,,11.1728,high,high,med,female,Anderson
Beagle,10758.8862,36.6412,12.7101,med,high,short,male,Clark
Beagle,10609.5035,32.6474,12.4527,high,high,med,female,Watson
Beagle,10946.9949,33.5183,14.1197,med,med,short,male,Wheeler
Welsh Corgi,13917.5415,,11.8218,med,high,med,female,Russell
Boxer,34265.2029,54.7822,8.4624,high,high,short,female,Wilson
Boxer,27170.4791,60.3863,8.4881,high,high,med,male,Frederick
Bichon Frise,5065.1171,30.8922,13.8047,med,high,short,female,Miller
Welsh Corgi,11281.7223,30.8488,11.2488,med,high,med,female,Williams
Boxer,36285.0091,55.9658,9.2388,high,high,short,female,Brown
Boxer,26872.8762,,6.8306,high,high,short,male,Rose
Bichon Frise,5407.8251,30.3644,15.4212,med,med,short,female,Davis
Bichon Frise,4897.4941,30.4874,16.6042,med,high,med,female,Harper
Welsh Corgi,13993.1776,,9.5181,high,high,short,female,Kelley
Welsh Corgi,13247.6341,29.8575,11.2055,high,high,med,male,Stevens
Boxer,24056.3835,,9.0044,high,med,short,male,Anderson
Boxer,25228.6014,58.1394,7.9009,high,high,med,female,Thompson
Beagle,11754.0423,,13.8937,med,high,short,female,Deleon
Bichon Frise,5041.6464,,14.348,med,high,short,male,Lee
Bichon Frise,5112.3403,30.2858,13.01,med,high,med,male,Miller
Bichon Frise,5242.7983,30.4028,11.8032,med,high,med,male,Burnett
Welsh Corgi,14029.2913,26.5331,10.5223,med,high,med,male,Glover
Boxer,28117.9706,60.8097,9.911,high,high,short,female,Mason
Welsh Corgi,15758.7777,28.1803,10.7253,low,high,med,male,Haas
Beagle,10558.8456,35.1485,12.6816,low,high,short,male,Anderson
Boxer,34213.6462,,9.7939,high,high,short,male,Clark
Bichon Frise,3379.5893,30.7389,13.8558,med,high,med,male,Dominguez
Welsh Corgi,14352.9541,26.7145,11.0563,high,high,med,female,Wright
Boxer,35586.6241,58.1729,8.494,high,high,short,female,Lester
Boxer,31615.7263,59.3784,10.5135,high,high,short,female,Fitzgerald
Beagle,9613.6515,,14.2964,med,med,short,female,Holt
Bichon Frise,4618.0475,30.4102,13.3289,med,high,med,male,Harris
Welsh Corgi,15885.5844,28.3276,12.0268,med,high,long,male,Brown
Welsh Corgi,13903.8984,29.0299,10.6133,med,med,med,female,Lewis
Boxer,36628.4004,56.0096,9.3813,high,med,med,male,Barrett
Boxer,31037.9818,,8.8528,high,high,short,male,Frost
Welsh Corgi,15086.7759,,11.0005,med,med,med,female,Cisneros
Welsh Corgi,16184.756,27.9822,10.4746,med,high,med,male,Chambers
Welsh Corgi,14862.4923,32.0414,10.1208,med,high,med,male,Jones
Welsh Corgi,13448.4393,30.6376,11.047,med,high,long,male,Hanna
Beagle,7975.4203,36.4586,12.8335,med,high,short,male,Hunt
Boxer,30214.5143,58.0403,9.4219,high,high,med,female,Peck
Bichon Frise,5172.9189,30.0429,13.5737,med,high,med,female,Brown
Bichon Frise,4166.627,30.877,11.4243,med,high,med,male,Ingram
Welsh Corgi,11020.3992,28.5187,9.9998,med,high,short,male,Baker
Boxer,32074.4708,55.4689,8.8262,high,high,short,male,Burton
Bichon Frise,5308.651,29.914,12.9156,med,high,med,female,Hess
Bichon Frise,3649.3851,30.4077,13.089,med,high,med,male,Mason
Beagle,10143.0412,36.8865,15.4583,med,high,short,male,Barber
Welsh Corgi,12876.7361,32.1307,11.9298,med,high,med,female,Hunter
Beagle,12691.9042,,12.6224,med,med,short,female,Powell
Bichon Frise,3842.7702,30.6038,12.9264,med,high,med,male,Reid
Bichon Frise,5667.2512,,14.6337,med,high,med,male,Best
Welsh Corgi,13993.2879,,11.0969,med,high,long,male,Merritt
Welsh Corgi,14319.7005,28.6451,11.2527,med,high,short,female,Lopez
Welsh Corgi,13814.8051,,11.8331,med,high,med,female,Mcguire
Bichon Frise,4577.1741,30.6064,14.4066,high,high,med,male,Lewis
Boxer,31423.8814,56.7658,9.6934,high,high,short,female,Beard
Welsh Corgi,11708.4577,29.4374,10.8076,med,high,med,female,Avila
Bichon Frise,4222.6745,30.8455,11.5669,low,high,med,female,Obrien
Welsh Corgi,16041.5861,,11.4411,med,high,med,male,Johnson
Boxer,33312.3869,59.9369,8.1205,high,high,short,female,Avila
Boxer,30559.4593,58.7735,8.7433,high,high,short,male,Wood
Bichon Frise,3110.3205,30.2553,13.5611,med,high,med,male,Klein
Boxer,30918.2327,56.6768,8.3031,high,high,short,female,Gamble
Boxer,33224.312,61.0637,8.8965,high,med,short,female,Robertson
Boxer,33767.9408,58.9804,9.8251,high,high,short,female,Watts
Beagle,11507.6262,37.5363,14.1131,med,high,short,male,Hansen
Boxer,25864.3069,61.5201,8.8051,high,high,short,male,Perry
Welsh Corgi,13036.2989,30.2252,11.0493,med,high,med,male,Townsend
Beagle,10134.7743,35.9208,14.7174,med,high,med,female,Payne
Welsh Corgi,13484.3085,27.7148,11.7593,med,high,long,female,Lee
Welsh Corgi,12959.686,29.1655,11.6094,med,high,med,female,Brown
Welsh Corgi,12005.0385,29.4478,10.8559,med,high,med,female,Hobbs
Bichon Frise,4649.5051,,13.6402,med,high,med,male,Clay
Bichon Frise,4544.175,,13.023,med,med,med,male,Moreno
Beagle,9680.3032,36.2354,14.1021,med,high,short,female,Nguyen
Bichon Frise,3730.1566,30.2036,13.3298,low,med,med,male,Henry
Bichon Frise,3576.184,30.5383,14.081,med,high,med,female,Lucero
Bichon Frise,4308.1408,,12.328,med,high,med,male,Jimenez
Bichon Frise,3299.2016,30.8449,12.9797,med,med,long,female,Klein
Welsh Corgi,14919.1832,27.6272,11.3999,med,high,med,female,Moreno
Bichon Frise,3463.3106,30.4157,13.0701,med,high,med,female,Montgomery
Boxer,32231.6678,59.2903,9.8901,high,high,short,male,Rodriguez
Boxer,26896.1493,,8.6414,med,high,short,male,Mitchell
Beagle,12969.5388,34.5698,12.6909,med,high,med,male,Morgan
Bichon Frise,5074.5251,30.6399,13.6913,high,high,med,female,Gates
Welsh Corgi,16812.6309,25.9277,10.6959,med,med,med,female,Finley
Beagle,14054.6277,,14.9168,med,high,short,female,Harrison
Beagle,11798.5705,34.032,13.1809,med,high,short,female,Smith
Bichon Frise,3568.6162,30.4347,13.2617,med,high,med,female,Bailey
Beagle,9450.8746,34.4516,13.3389,med,high,short,male,Osborn
Welsh Corgi,14559.8658,25.8847,10.5735,med,high,med,female,Nash
Beagle,9333.9176,,12.3781,low,high,short,female,Holland
Bichon Frise,5706.2958,30.7303,13.7997,med,high,long,female,Smith
Boxer,25735.0577,,8.9343,high,high,short,female,Watkins
Beagle,13010.9798,,11.3242,low,high,short,male,Black
Bichon Frise,5827.6614,30.2131,12.2576,med,high,med,female,Chavez
Bichon Frise,2347.9738,30.2167,13.0045,low,high,long,female,Jennings
Welsh Corgi,13647.5482,30.4485,11.5586,med,high,med,male,Chavez
Welsh Corgi,15726.3904,,10.289,med,high,med,female,Trujillo
Bichon Frise,3851.8157,30.7382,13.9901,med,high,med,female,Jackson
Boxer,26503.2645,58.1759,9.1632,high,med,short,female,Moore
Welsh Corgi,17559.4559,27.7636,9.6829,med,high,long,male,Matthew
Welsh Corgi,14447.383,23.577,11.2325,med,high,med,female,Wilkinson
Bichon Frise,4582.5658,30.3596,14.6596,low,high,short,female,Hunt
Bichon Frise,3205.0298,29.9489,14.6434,high,high,med,female,Marshall
Beagle,10664.2066,32.8984,14.3862,low,high,short,female,Wade
Bichon Frise,3202.4139,30.2087,14.476,med,high,med,female,Bishop
Welsh Corgi,13782.6672,28.8294,10.8849,high,high,short,female,Marshall
Boxer,38760.538,59.1174,8.9962,high,high,short,female,Larsen
Beagle,10183.5952,35.7667,13.4193,med,high,short,male,Clayton
Beagle,9075.2663,35.9977,14.8397,med,high,short,male,Heath
Bichon Frise,5912.4871,,13.5501,high,high,med,female,Johnson
Bichon Frise,4600.7676,,12.7364,high,high,med,female,Bell
Boxer,31808.9617,,7.7881,high,high,short,male,Robertson
Boxer,34915.1383,59.95,9.3691,high,high,short,male,Ward
Welsh Corgi,11485.2561,27.6748,10.6433,med,high,med,female,Brooks
Welsh Corgi,14927.4987,30.3443,11.773,high,med,med,male,Jones
Welsh Corgi,14060.5878,,10.7456,high,high,med,female,Johnson
Welsh Corgi,13547.6863,,10.1611,med,high,med,male,Clark
Bichon Frise,6800.5025,,14.1487,med,med,med,female,Singh
Beagle,10698.9477,35.5383,13.5444,med,high,short,male,Cunningham
Boxer,31326.586,,8.7373,med,high,short,male,Scott
Bichon Frise,4815.7486,,13.319,med,high,med,female,Carlson
Bichon Frise,5116.9369,31.1926,12.4893,med,high,med,male,Hernandez
Bichon Frise,4001.8833,30.2468,14.0396,med,high,med,male,Davis
Bichon Frise,3819.3391,30.3178,13.9416,low,high,med,male,Gay
Beagle,10839.8764,,14.9212,med,high,short,female,Valdez
Bichon Frise,2934.5205,30.8236,13.8094,med,high,med,male,Gonzalez
Beagle,7832.6105,35.7779,13.125,med,high,med,female,Fletcher
Welsh Corgi,12162.4746,31.4332,10.7598,med,med,med,female,Sparks
Bichon Frise,4766.5132,,12.8708,low,high,med,male,Stone
Beagle,11061.2697,36.5263,13.9537,low,high,short,female,Hamilton
Bichon Frise,3655.3768,30.7013,13.7946,med,high,med,male,Beck
Boxer,23077.3165,,9.3155,med,high,short,female,Stone
Boxer,33355.0032,57.1049,9.2286,high,high,short,female,Robinson
Welsh Corgi,13559.1201,,10.4702,high,high,med,male,Welch
Welsh Corgi,13622.0345,,11.1684,med,high,long,male,Mueller
Welsh Corgi,17566.3443,32.7593,9.9332,med,high,med,female,Vincent
Welsh Corgi,12068.1462,29.2716,11.2297,med,high,med,male,Daniels
Welsh Corgi,15705.8568,30.0926,12.3996,med,med,med,female,Perry
Welsh Corgi,12493.4907,,10.8275,med,high,med,male,Payne
Boxer,32407.2615,59.8103,9.7368,high,high,short,female,Singh
Boxer,30916.6799,,9.2429,high,high,short,male,Flores
Bichon Frise,4102.6064,30.2246,14.8312,med,high,med,female,Yates
Beagle,11500.056,33.4211,12.9434,low,high,short,male,Young
Bichon Frise,3083.7958,30.4898,14.3726,low,high,med,female,Monroe
Welsh Corgi,14166.4196,26.692,11.7838,med,med,short,female,Jessica
Bichon Frise,4514.5986,30.5276,14.0056,high,high,med,male,Rogers
Welsh Corgi,10737.5933,30.4873,9.9408,med,high,med,male,Horn
Beagle,9484.7927,31.8678,13.4305,med,high,short,male,Whitney
Welsh Corgi,11676.9866,30.5391,10.607,med,high,med,female,Moore
Boxer,29701.2527,57.0936,8.488,high,high,short,female,Brennan
Welsh Corgi,13292.9124,28.5433,11.5724,med,high,med,male,Banks
Bichon Frise,4462.0728,30.3153,12.4278,med,high,med,male,Holmes
Beagle,7969.5241,34.8526,13.4656,med,high,med,female,Hayes
Bichon Frise,3429.5754,30.5107,14.0476,med,high,med,male,Jordan
Beagle,11920.4507,34.06,13.6749,high,high,short,female,Little
Beagle,12247.879,36.0449,13.3279,med,high,short,male,Miller
Welsh Corgi,18888.9505,,10.935,med,high,med,female,Smith
Welsh Corgi,10613.1042,25.3883,9.8057,med,med,med,female,Hunt
Boxer,31071.4979,57.2873,8.5376,high,high,short,male,Rice
Welsh Corgi,9382.4994,29.1427,10.7891,high,high,med,female,Mendoza
Boxer,21992.1354,,9.3619,high,high,short,male,Benitez
Welsh Corgi,13832.95,30.8737,11.4815,med,high,long,male,Jones
Boxer,35282.7888,56.9701,8.8795,high,high,short,female,Simmons
Bichon Frise,5538.1145,30.7476,14.0718,med,high,med,male,Walsh
Welsh Corgi,14128.9204,29.4375,11.52,med,high,long,male,Henson
Beagle,9906.7508,38.1339,14.2594,med,high,short,female,Thomas
Bichon Frise,4087.8445,30.1204,12.0269,med,high,med,female,Calderon
Boxer,27414.4104,58.4598,8.5275,med,high,short,male,Walker
Welsh Corgi,12746.8695,34.2571,11.8562,med,high,med,male,Castro
Welsh Corgi,12926.7546,26.5713,11.6133,med,high,med,female,Merritt
Boxer,38190.0042,59.6343,9.5197,high,high,short,male,Morgan
Boxer,32458.5802,58.7339,8.9093,high,high,short,female,Salinas
Boxer,38659.6634,57.7374,8.7536,med,high,short,male,Barrett
Bichon Frise,3274.1473,30.6044,12.8841,low,high,med,male,Joseph
Beagle,11168.596,36.2261,13.1469,med,high,short,male,Clarke
Welsh Corgi,15277.8126,26.9802,11.9539,med,high,long,female,Boyd
Beagle,12115.8145,34.4645,14.2922,med,high,short,male,Ramos
Beagle,10727.9341,36.002,13.3301,med,high,med,female,Cook
Welsh Corgi,15368.8916,,11.1536,med,high,med,male,Jackson
Boxer,26484.098,57.6561,8.6035,high,high,short,female,Willis
Welsh Corgi,7023.591,26.9859,10.6598,med,high,long,female,Long
Welsh Corgi,14772.4665,29.0165,11.5233,med,high,med,male,Bell
Welsh Corgi,15811.4558,24.3485,10.2341,high,high,long,male,Lane
Beagle,12582.5825,32.2189,14.3725,low,high,med,male,Craig
Bichon Frise,5193.6748,,14.4024,high,high,med,male,White
Welsh Corgi,13044.2803,30.2657,11.1709,med,high,med,female,Stephens
Welsh Corgi,12533.7104,29.8797,10.2365,med,high,med,male,Acosta
Boxer,30841.2177,57.6405,8.5745,high,high,short,male,Ellis
Boxer,24768.0637,59.6462,9.3586,high,high,med,male,Weber
Welsh Corgi,11598.6927,28.4728,10.2396,med,high,long,male,Lee
Boxer,32504.2934,60.0932,7.9893,high,high,med,male,Porter
Boxer,37480.9985,55.858,8.9278,high,med,short,male,Davenport
Beagle,10713.0506,34.3525,13.9484,low,high,short,male,Rios
Welsh Corgi,13692.5241,28.7694,10.8615,high,high,med,female,Munoz
Welsh Corgi,17254.5815,25.3989,11.5651,med,high,med,male,Matthew
Bichon Frise,4255.0976,30.0723,13.2897,med,high,med,male,Hughes
Beagle,14062.0536,37.3738,13.5429,med,high,short,female,Grant
Boxer,24489.4484,,9.2213,high,high,short,female,Choi
Boxer,26150.1608,59.0802,8.9628,high,high,short,female,Gonzalez
Welsh Corgi,12115.7524,,10.8876,med,high,med,female,Perkins
Beagle,10718.3132,,13.0964,high,high,short,female,Harper
Boxer,33506.6251,59.7009,8.4415,high,high,short,male,Reynolds
Boxer,22913.7667,59.2867,8.375,med,high,short,male,King
Boxer,29740.7921,58.8314,8.5295,high,high,short,male,Anderson
Beagle,8004.7926,34.29,12.3847,high,high,short,female,Chavez
Beagle,11526.3279,,12.5912,high,high,short,female,Kim
Welsh Corgi,14282.7369,27.6397,10.8775,med,high,med,female,Lyons
Boxer,26295.3246,,9.0128,high,high,short,male,Evans
Beagle,9346.2884,36.9062,13.6394,med,med,short,male,Freeman
Boxer,29696.4381,57.0545,9.3195,high,high,short,female,Ferrell
Beagle,7927.0525,36.5429,11.8648,med,high,short,female,Robertson
Bichon Frise,4646.749,30.5224,12.0533,med,high,med,female,George
Beagle,10335.3612,32.8127,13.9488,med,high,short,female,Martinez
Beagle,8691.5658,37.5608,12.9931,med,high,short,male,White
Beagle,11558.9843,35.6906,12.4415,low,high,short,female,Dougherty
Welsh Corgi,15381.8044,,10.7799,high,high,med,female,Love
Beagle,13278.0816,36.4567,12.8297,med,high,short,female,Ford
Boxer,28480.8096,57.735,8.9663,med,high,short,male,Palmer
Welsh Corgi,13539.323,26.9553,11.4355,med,high,med,female,Wilkerson
Bichon Frise,4858.219,30.2788,14.6095,med,med,med,male,Houston
Boxer,29095.6308,58.3163,10.2416,high,high,short,male,Hudson
Bichon Frise,6114.6813,30.3829,13.094,high,high,short,female,King
Boxer,28634.496,55.4402,10.0345,high,med,short,female,Thompson
Beagle,9914.6566,,13.3993,low,high,short,female,Williams
Boxer,30979.6553,59.9103,9.3578,high,high,short,male,Olson
Bichon Frise,3443.2301,30.412,13.6154,low,high,med,female,Horn
Welsh Corgi,12717.2962,33.2835,11.1546,med,high,med,male,Cox
Welsh Corgi,16817.2504,30.0882,11.2329,med,high,med,male,Huang
Welsh Corgi,13279.2622,29.3056,11.0311,med,high,med,female,Flynn
Welsh Corgi,17136.2159,,10.0881,med,high,short,female,Lyons
Bichon Frise,4207.26,30.4078,11.7673,med,med,med,female,Montes
Welsh Corgi,15649.5653,,11.6771,med,high,short,female,Maldonado
Bichon Frise,4799.8054,31.2537,11.7329,low,high,med,male,Berg
Bichon Frise,4752.2739,30.515,14.4419,med,high,med,male,Armstrong
Welsh Corgi,15238.1261,34.2632,11.5528,med,high,med,female,Stewart
Boxer,30728.7025,59.4016,8.4155,high,high,short,female,King
Welsh Corgi,13230.2419,30.7567,10.9199,med,high,long,male,Smith
Welsh Corgi,14595.2357,32.1581,11.0286,med,high,med,male,Vincent
Boxer,30948.5795,57.4118,8.0986,high,high,short,male,Alvarez
Welsh Corgi,15020.4756,29.8108,9.8616,med,high,med,male,Ortiz
Boxer,23215.7557,59.5856,8.5113,high,high,short,male,Meyer
Boxer,31553.5612,57.9264,9.083,high,high,short,male,Paul
Bichon Frise,2813.1607,,12.7389,med,high,med,female,Wood
Bichon Frise,3415.8887,30.807,14.1911,med,high,short,female,Tyler
Beagle,10199.6605,,13.8232,med,high,short,male,Vargas
Welsh Corgi,13360.3143,31.564,9.9138,med,high,long,female,Jones
Boxer,30746.1825,,7.8518,high,high,short,female,Paul
Boxer,23285.7274,57.3941,9.5441,high,high,short,male,Larsen
Boxer,24856.5777,59.4388,9.1348,high,high,short,female,Costa
Beagle,11448.0066,35.51,12.9504,med,high,short,female,House
Welsh Corgi,12825.3974,30.1673,11.1924,med,high,short,female,Silva
Welsh Corgi,15636.1808,28.4828,9.639,med,high,med,female,Young
Welsh Corgi,11260.726,30.6576,10.9162,med,high,med,female,Harper
Beagle,10995.6757,36.8523,13.8641,med,high,short,female,Barnes
Beagle,11551.7713,34.2705,11.9413,med,high,short,female,Parker
Welsh Corgi,11894.9546,27.9296,10.2425,med,high,med,male,Greene
Bichon Frise,3196.3526,30.2661,13.2539,med,high,med,female,Hughes
Boxer,32543.0657,,8.9521,high,high,short,male,Joseph
Bichon Frise,5332.3263,,14.626,med,med,med,male,Robinson
Beagle,11603.5307,37.6314,12.4044,med,high,short,male,Keller
Bichon Frise,3047.1921,30.5549,14.7747,med,high,med,male,Barr
Boxer,25404.9065,59.9331,9.0524,high,high,short,male,Cox
Bichon Frise,3865.9338,,13.6255,med,high,med,female,Barnett
Boxer,33717.2006,59.9226,8.8863,high,high,short,male,Parks
Bichon Frise,3992.7842,30.1387,14.144,med,high,med,female,Ward
Bichon Frise,3370.216,31.1806,12.9709,med,high,short,male,Ortiz
Boxer,28904.5588,57.2139,9.2708,high,high,short,male,Mitchell
Welsh Corgi,15167.6948,33.2111,11.4863,med,high,med,male,Bryant
Welsh Corgi,12425.3339,34.5205,10.0408,high,high,med,female,Robertson
Beagle,13291.6956,,13.3819,med,high,short,male,Lozano
Boxer,32051.4159,,8.4678,high,high,short,male,Fox
Welsh Corgi,13751.4388,,11.9621,med,high,med,female,Franklin
Boxer,29760.7363,56.8057,9.3862,high,med,short,female,Lamb
Welsh Corgi,14493.4779,32.179,11.4582,low,high,med,female,Williams
Boxer,27628.5134,,8.4889,high,high,short,male,Sexton
Bichon Frise,4529.6392,29.8575,14.8984,med,high,med,male,Parker
Beagle,11282.3496,35.0423,14.2744,high,high,short,female,Weber
Beagle,11087.4115,,12.5759,high,high,short,male,Macias
Welsh Corgi,14906.6123,30.4842,11.1642,med,high,long,male,Jenkins
Bichon Frise,5265.2039,30.888,13.1138,med,high,short,male,Vega
Boxer,31345.4796,,9.7041,high,high,short,female,Everett
Welsh Corgi,11832.6462,29.7419,11.427,med,high,med,female,Hicks
Bichon Frise,4845.7429,30.6459,12.5317,med,high,med,male,Perez
Boxer,28837.3727,,8.8679,high,high,med,male,Johnson
Beagle,12719.1906,,13.1671,med,high,short,female,Hernandez
Beagle,8861.5348,36.4929,13.9425,med,high,short,female,Mckenzie
Welsh Corgi,14098.4952,27.4047,10.7881,med,high,med,female,Anderson
Beagle,12746.382,,14.1615,high,high,short,male,Rowe
Boxer,34358.5806,59.5532,9.0292,med,high,short,female,Alvarez
Beagle,11409.7932,,13.379,med,high,short,male,Craig
Boxer,24991.9003,,8.9505,high,high,short,male,Martinez
Boxer,24488.2572,56.8401,7.8994,high,med,short,male,Snyder
Beagle,11201.3247,35.3034,13.3375,med,high,short,male,Jones
Boxer,26413.5616,59.8549,9.7669,high,high,short,male,Patterson
Beagle,9068.6385,35.6538,13.4736,med,high,short,male,Burns
Boxer,40397.1763,,8.7712,high,high,short,male,Clark
Beagle,10917.309,36.8545,12.6472,med,high,short,male,Sheri
Boxer,30577.0908,,8.2672,high,med,short,female,Thomas
Bichon Frise,5682.3974,30.3539,14.3051,med,high,med,female,Wallace
Bichon Frise,4071.4899,30.1544,11.8115,med,high,long,male,King
Beagle,10453.0144,35.2976,13.8305,med,high,short,female,Aimee
Beagle,9583.5628,36.0611,12.8514,med,high,short,male,Austin
Welsh Corgi,13336.2314,,11.354,med,high,med,male,Alvarado
Welsh Corgi,14853.9156,28.6931,10.4845,low,high,med,female,Griffin
Welsh Corgi,14708.3234,,10.5757,med,high,med,male,Mckinney
Boxer,28790.2521,57.2214,9.6735,high,high,short,female,Ferguson
Bichon Frise,3762.7397,30.9914,14.9978,med,high,med,female,Benitez
Beagle,12081.9429,35.29,13.9774,med,high,short,male,Mitchell
Bichon Frise,4621.2855,,13.6459,med,high,med,female,Mcgrath
Boxer,30701.2013,59.3156,9.3216,high,high,short,male,Gomez
Boxer,29462.8947,58.5139,9.1102,high,high,short,female,Morris
Beagle,10478.0544,33.9525,13.8497,med,high,short,male,Kelly
Bichon Frise,4648.5352,,14.1939,high,high,long,male,Thomas
Beagle,9729.5229,34.9724,13.0796,med,high,short,female,Ramirez
Bichon Frise,2964.7036,30.4365,12.557,med,high,med,female,Turner
Boxer,29467.5696,59.2024,8.7375,high,high,short,male,Payne
Bichon Frise,4169.985,31.0304,13.864,med,high,med,female,Myers
Beagle,10700.5347,36.0936,14.5051,med,high,short,female,Howard
Welsh Corgi,9420.3674,28.1819,11.858,med,high,med,female,Moore
Bichon Frise,3713.1371,,11.0576,med,high,short,male,Johnson
Boxer,26842.2136,59.2776,9.4744,high,high,short,male,Rodriguez
Boxer,32255.2225,59.878,8.5377,high,high,short,male,May
Bichon Frise,3893.6295,30.6151,14.4438,med,high,med,female,Beck
Welsh Corgi,11604.0337,25.4563,11.2108,med,high,med,female,Wallace
Boxer,31624.8014,59.4151,8.7444,high,high,short,male,Patel
Welsh Corgi,14701.8188,22.4903,12.2593,med,high,med,female,Burch
Welsh Corgi,16166.5229,30.6737,10.7957,high,high,med,male,Lopez
Welsh Corgi,14521.2176,30.9692,9.5709,med,high,long,male,Miller
Welsh Corgi,12299.636,27.5742,10.241,med,high,med,female,Myers
Boxer,29940.9788,58.5709,7.8765,high,high,short,female,Moore
Boxer,28096.2051,58.8205,7.9209,high,high,short,male,Hernandez
Bichon Frise,4392.5397,30.702,12.8906,med,high,med,male,Stafford
Beagle,9992.9247,34.7039,12.0884,high,high,short,female,Larry
Bichon Frise,4464.3191,30.3443,11.3175,low,high,med,female,Brown
Welsh Corgi,18230.5556,27.5573,11.2346,med,high,med,male,Huang
Bichon Frise,3628.3644,30.2443,14.0433,med,high,med,female,Mosley
Welsh Corgi,14920.2161,25.1271,11.6776,low,high,med,female,Brock
Boxer,36238.7114,58.3882,8.8962,high,high,short,female,Robert
Boxer,32790.8362,61.0311,8.8225,high,high,short,male,Adams
Bichon Frise,4544.7075,,11.5233,med,high,med,female,Hall
Welsh Corgi,17114.9216,28.8882,10.286,med,high,long,female,Justin
Bichon Frise,4621.3154,30.4998,14.5234,med,high,long,female,Baxter
Boxer,34252.5833,58.8058,9.171,high,high,short,female,Martin
Boxer,32611.8044,60.8315,9.5233,high,high,short,male,Gonzalez
Beagle,11622.7658,34.5736,12.6264,med,high,short,male,Gilbert
Bichon Frise,4074.8129,30.3838,11.9677,med,med,med,female,Jackson
Bichon Frise,4387.1929,30.5377,11.9613,med,high,med,male,Meyer
Bichon Frise,3444.4038,30.2964,11.2422,high,high,med,male,Long
Boxer,21003.5966,58.5625,8.8884,high,high,short,male,Medina
Beagle,8554.7929,37.2585,15.5036,med,high,short,female,Hunter
Boxer,22599.2605,59.4179,9.1683,high,high,short,male,Saunders
Boxer,28295.7843,56.5988,8.1594,high,high,short,male,Estes
Beagle,9043.1173,31.0615,13.4419,med,med,short,female,Moody
Boxer,28048.8287,,9.4971,high,high,med,male,Flowers
Welsh Corgi,13387.583,31.7313,11.5757,med,high,med,female,Neal
Boxer,33512.5441,58.6228,9.5235,high,high,short,female,Townsend
Bichon Frise,3310.9727,,14.4087,med,high,med,female,Huynh
Welsh Corgi,14447.9033,25.756,10.7874,med,high,med,male,Francis
Beagle,10215.7873,36.0443,13.0563,med,high,short,male,Dunn
Boxer,29326.319,,9.1159,high,high,short,male,Sanchez
Bichon Frise,3969.0729,30.1845,13.4491,med,high,med,female,Lee
Welsh Corgi,15813.0464,28.8553,11.0496,med,high,med,female,Hanson
Welsh Corgi,14528.2013,26.9031,9.9281,med,high,med,female,Stone
Bichon Frise,4257.7862,30.302,13.4145,med,high,med,female,Hanson
Boxer,33234.3122,59.8413,9.1192,high,high,med,female,Martin
Boxer,28413.9292,,8.5825,high,high,short,male,Harvey
Bichon Frise,4313.8146,30.1694,13.4883,med,high,med,male,Weaver
Boxer,23812.1017,59.1657,9.8169,high,high,short,male,Collins
Boxer,26526.173,,9.3307,high,high,short,male,Gillespie
Beagle,13148.773,,14.595,med,med,short,male,Taylor
Welsh Corgi,14015.7837,28.9348,10.6646,med,high,med,female,Goodwin
Bichon Frise,4927.1691,30.0122,13.6413,med,med,med,male,Deleon
Beagle,11091.2362,,13.1338,med,high,short,male,Bowen
Boxer,34227.6034,58.3831,8.9661,high,med,short,female,Jennings
Boxer,30987.6336,58.7211,9.7097,high,high,short,female,Jones
Bichon Frise,4871.6517,30.563,13.4223,low,high,med,male,Mcdaniel
Welsh Corgi,13689.146,28.0195,11.3948,med,high,med,female,Owens
Beagle,11295.3168,35.1718,13.2123,med,high,short,male,Chen
Beagle,10201.6489,36.0997,14.1892,med,high,short,male,Castillo
Beagle,8914.9998,,12.5637,med,high,short,female,Perez
Boxer,26483.1086,59.1402,7.8799,high,high,short,female,Rogers
Welsh Corgi,15434.2958,34.853,10.3237,med,high,med,female,Willis
Welsh Corgi,13032.1618,28.4922,10.3686,med,high,med,female,Spencer
Welsh Corgi,11834.5109,30.4482,11.5634,med,high,med,male,Fernandez
Welsh Corgi,15338.6284,,11.5961,med,med,med,male,Ellis
Welsh Corgi,12564.7489,28.6402,11.0421,med,high,short,male,Mitchell
Welsh Corgi,18214.5895,26.9149,11.4379,high,high,long,female,Preston
Bichon Frise,4207.9694,30.0178,13.3807,med,high,med,female,Robinson
Bichon Frise,4371.4197,30.5805,12.6668,med,high,short,male,Pham
Bichon Frise,4118.2274,30.7924,12.324,med,high,med,male,Duncan
Beagle,11584.3766,35.6923,13.3042,med,high,med,male,Bowman
Welsh Corgi,13832.3167,28.2955,10.5745,med,high,med,male,Garcia
Boxer,40304.1524,58.4407,8.9209,med,high,short,female,Ramsey
Welsh Corgi,13509.0008,,10.8753,high,high,short,male,Johnston
Bichon Frise,5868.1678,,13.7673,med,high,med,female,Mason
Welsh Corgi,15975.1925,31.2663,11.3223,med,high,med,female,Matthews
Boxer,30369.3754,57.6314,8.7976,high,high,short,female,Duffy
Welsh Corgi,17527.5035,27.4338,11.6721,low,high,med,male,Charles
Bichon Frise,4510.7555,30.4585,14.852,med,high,med,female,Smith
Beagle,9657.7064,,13.5517,med,high,short,female,Johnson
Welsh Corgi,14427.3345,27.2965,10.6531,med,high,med,female,Hayes
Welsh Corgi,11350.9827,,11.0601,med,high,short,female,Hicks
Boxer,27375.7193,,7.741,high,high,short,female,Gomez
Bichon Frise,3918.7435,31.0037,13.4199,high,high,short,male,Lee
Bichon Frise,5787.4403,30.957,14.3222,med,high,med,male,Camacho
Beagle,8195.9392,35.6921,12.7348,med,high,short,female,Lindsey
Beagle,11271.9826,34.9292,12.1865,med,high,short,male,Hendrix
Welsh Corgi,11812.0782,26.5072,11.6233,med,high,med,male,Dunn
Bichon Frise,5174.5563,,12.6751,med,high,med,male,Jasmine
Bichon Frise,4574.5768,30.5979,13.4224,med,high,med,female,Jones
Boxer,26062.6328,55.4557,8.7141,high,high,short,male,Mitchell
Bichon Frise,4512.3405,30.2955,14.5225,med,high,med,male,Sullivan
Beagle,9455.5638,37.4781,12.3753,med,high,med,male,Ray
Beagle,11918.6974,37.259,14.5178,med,high,short,female,Jackson
Boxer,33874.4411,59.0378,8.7001,high,high,short,female,Arias
Beagle,10745.8268,37.8302,12.1177,med,high,short,male,Ross
Bichon Frise,5111.4628,31.215,13.0461,med,high,med,female,Wells
Beagle,13447.836,34.4181,13.3205,med,high,med,male,Moore
Boxer,25726.3317,61.2288,9.5211,high,high,short,female,Cole
Welsh Corgi,14219.1439,,11.5426,med,high,med,female,Lindsey
Beagle,10794.8589,,13.7377,med,high,short,male,Rubio
Welsh Corgi,12877.5998,,11.0655,high,high,med,female,Scott
Bichon Frise,4849.9411,30.2352,12.1946,high,high,med,female,Massey
Welsh Corgi,12339.5328,30.7006,11.8285,med,high,med,male,George
Boxer,30894.843,58.6156,9.1889,high,high,short,female,Atkinson
Bichon Frise,4413.5688,30.2877,12.4126,med,high,med,male,Mckinney
Boxer,30174.9302,56.9917,9.0703,med,high,short,female,Smith
Welsh Corgi,12109.2334,27.9275,10.2322,med,high,med,male,Hansen
Beagle,8976.8059,36.298,13.1619,med,high,short,male,Walter
Beagle,10430.9548,,12.9555,med,high,short,male,Freeman
Boxer,28863.2753,59.1567,9.7217,high,high,short,male,Kelly
Beagle,12398.8068,35.0983,12.6481,med,high,short,female,Holmes
Beagle,10749.3763,34.2838,14.9781,high,high,short,male,Diaz
Welsh Corgi,13109.4444,26.0799,11.1849,med,high,med,female,West
Bichon Frise,4839.5999,30.8578,14.311,low,high,med,male,Dalton
Beagle,9115.0562,36.0431,12.0128,med,high,short,male,Pacheco
Welsh Corgi,16118.0232,,10.7887,med,high,med,female,Johnson
Boxer,28546.2461,,9.2429,high,high,short,male,Barker
Bichon Frise,3555.1842,30.5454,13.4374,med,high,long,male,Powers
Welsh Corgi,15122.2143,30.1431,11.2519,low,high,long,male,Burgess
Boxer,22196.0833,,9.4381,high,high,short,male,Adams
Welsh Corgi,12375.6293,24.9833,11.0874,med,high,short,male,Williamson
Welsh Corgi,14485.2272,31.0683,12.0635,med,med,med,female,Johnson
Bichon Frise,4131.5063,30.512,13.6424,med,high,short,male,Ramsey
Beagle,11653.909,36.3872,12.9918,low,med,short,female,Morgan
Bichon Frise,5395.7426,30.4952,14.2533,med,high,med,female,Moody
Boxer,26932.5048,57.1374,9.8347,high,high,short,female,Owens
Beagle,11659.9988,36.3522,12.6554,low,med,short,female,Alvarado
Welsh Corgi,13528.9901,26.6027,11.3369,high,high,med,female,Griffin
Welsh Corgi,13911.121,,11.3929,med,high,med,female,Reed
Boxer,31869.8841,,8.8204,high,high,short,male,Key
Bichon Frise,3013.6693,30.7782,12.3837,med,high,short,male,Clark
Beagle,9453.2471,37.0046,11.8291,low,med,short,male,Graham
Boxer,36941.5155,57.4633,9.6057,med,high,short,female,Allen
Boxer,28059.2924,58.4624,8.3733,high,high,med,male,Martinez
Boxer,27650.3118,57.6418,8.9178,high,high,short,female,Reilly
Bichon Frise,3095.0912,30.5029,14.9939,med,high,long,male,Smith
Bichon Frise,4772.8565,30.4005,13.5068,high,high,med,female,Pena
Bichon Frise,3822.2169,30.5411,13.6135,high,high,med,female,Long
Boxer,29036.2879,,8.9242,high,high,med,female,Bell
Boxer,24624.139,56.3269,9.1397,high,high,short,male,Mckinney
Bichon Frise,3873.5552,30.6556,13.8593,med,high,med,male,Lynch
Beagle,10318.4575,35.4026,13.8666,med,high,short,male,Burns
Welsh Corgi,14969.6466,30.1602,10.7698,high,high,short,male,Dean
Welsh Corgi,15219.0372,28.1828,10.537,med,high,med,male,Hudson
Bichon Frise,4490.6076,,12.9018,high,high,med,female,Marsh
Welsh Corgi,13842.1504,32.793,11.7989,med,high,med,male,Hughes
Welsh Corgi,16365.7998,29.6141,12.0423,med,high,med,male,Howard
Boxer,31520.2502,,9.3944,high,high,med,male,Ross
Boxer,29633.9751,,8.7149,high,high,short,male,Waters
Boxer,35693.7492,59.6081,9.893,high,med,med,female,Thompson
Bichon Frise,5301.8263,,11.5579,med,high,med,female,Mejia
Welsh Corgi,11227.6768,28.196,10.6309,med,high,med,female,Allen
Bichon Frise,4607.7134,30.5665,12.075,med,high,short,female,Peterson
Bichon Frise,5115.8198,30.1377,12.9055,med,med,short,female,Monroe
Welsh Corgi,11408.5117,33.892,10.8558,med,high,med,female,Delacruz
Beagle,11745.8504,34.9359,13.2978,med,high,short,female,Stark
Bichon Frise,4167.7687,30.9789,14.1258,med,high,med,female,Wright
Bichon Frise,5135.3949,30.4125,14.1014,med,high,med,male,Mcguire
Beagle,9428.1446,35.7588,13.9738,high,high,short,female,Flores
Welsh Corgi,15133.7714,29.9189,11.1336,med,high,med,female,Ortiz
Beagle,6678.6513,35.155,12.0725,med,high,short,female,English
Bichon Frise,6045.3084,30.6614,14.2628,med,high,med,female,Flores
Boxer,31299.4941,58.0715,8.6594,med,high,short,male,Harris
Boxer,32449.1313,58.6493,8.0834,high,high,short,female,Smith
Beagle,13255.7076,34.4419,13.7685,med,high,short,female,Henderson
Welsh Corgi,18798.8748,29.681,10.4831,med,high,med,female,Gonzalez
Bichon Frise,4080.5852,30.7925,12.4656,med,high,short,male,Oconnor
Beagle,11803.4789,34.8704,12.8644,low,high,short,female,Gomez
Welsh Corgi,14972.2808,32.5134,9.6927,high,high,med,female,Robinson
Bichon Frise,2249.6477,30.7676,14.4975,low,high,med,male,Lewis
Beagle,9852.1463,38.4949,13.2806,med,high,med,male,Leon
Welsh Corgi,13750.7384,27.0104,11.3087,med,high,med,female,Smith
Welsh Corgi,14320.9397,27.3554,10.1948,med,med,med,female,Sherman
Welsh Corgi,17792.7393,29.8423,10.2046,med,high,med,female,Peck
Welsh Corgi,15893.9384,,10.3665,low,high,med,female,Joseph
Bichon Frise,5311.4608,30.3927,13.238,med,high,med,male,Yoder
Boxer,27275.4233,59.4379,9.198,high,high,short,female,Hayes
Welsh Corgi,13927.2495,32.4667,11.1332,med,high,short,male,Jones
Beagle,8164.0319,34.6646,14.5944,med,med,short,male,Sherman
Bichon Frise,4607.1329,30.2389,13.6195,med,high,med,male,Clark
Bichon Frise,4889.6604,29.844,14.0052,med,high,med,female,Miller
Boxer,33217.2362,,9.8625,high,med,med,male,Porter
Bichon Frise,4363.5998,30.607,13.761,med,high,med,female,Mosley
Boxer,29742.0741,57.2697,7.5817,high,high,short,female,Byrd
Boxer,28984.6785,58.3581,8.9902,high,high,short,male,Smith
Beagle,11060.3473,37.0131,13.3452,med,med,short,male,Hahn
Beagle,10210.6243,33.8173,13.3973,med,high,short,female,Brown
Boxer,24068.6426,,9.4478,high,high,short,male,Davis
Welsh Corgi,12901.2108,28.2686,11.6562,low,high,med,male,Watkins
Beagle,9494.1645,35.7959,11.5968,med,high,short,male,Campbell
Beagle,8678.8421,37.0033,14.4557,high,high,short,female,Burton
Bichon Frise,4109.8982,30.5268,13.8166,med,high,long,male,Johnson
Welsh Corgi,17543.7192,24.7871,11.4831,med,high,med,female,Clark
Beagle,9354.8088,34.5942,13.0246,low,high,short,male,Gonzalez
Beagle,10964.6473,,13.0228,med,high,short,female,Martinez
Beagle,9180.5936,,12.8138,low,high,short,female,Watkins
Bichon Frise,5166.6721,30.237,12.6127,low,high,med,female,Garza
Bichon Frise,3202.9776,30.5846,13.1887,med,high,long,male,Campbell
Boxer,28518.7139,57.2264,8.1732,high,high,short,male,Larson
Bichon Frise,4641.334,30.3843,14.7912,med,high,med,female,Murillo
Welsh Corgi,13807.7644,27.5915,11.1572,med,med,short,female,Anderson
Welsh Corgi,12007.3077,31.3235,11.9367,med,high,short,female,Lyons
Boxer,30794.0181,,8.7692,high,high,short,male,Oneal
Boxer,33282.4106,57.5789,9.2712,high,high,short,male,Pham
Bichon Frise,4059.1606,30.5102,14.0137,med,high,med,male,Lawson
Boxer,31006.4559,,8.8688,med,high,short,female,Griffith
Beagle,11511.6303,,12.3694,med,med,med,female,Smith
Boxer,28009.1492,59.5374,9.3868,med,high,med,male,Maxwell
Beagle,10273.5428,36.7328,13.3053,med,med,short,male,Mcdonald
Beagle,13571.6651,35.0507,14.8522,med,med,short,male,Brooks
Welsh Corgi,11173.9065,29.3466,11.0364,med,med,med,male,Navarro
Bichon Frise,5506.8288,30.3589,13.0629,med,high,short,female,Dunn
Beagle,10049.5792,34.4761,13.7667,low,high,short,male,Powell
Bichon Frise,5503.9113,30.5675,12.5624,med,high,med,male,Stephens
Beagle,12328.5708,37.5192,12.6411,high,high,short,female,Rocha
Beagle,8274.5504,35.8201,14.3283,med,high,short,female,Gaines
Boxer,35879.71,60.8388,9.1013,high,high,short,female,Johnson
Welsh Corgi,17503.1208,29.0795,11.6253,med,high,med,female,Munoz
Boxer,23744.7011,62.3765,7.1749,high,high,short,male,Weber
Beagle,11378.6938,35.252,13.5737,med,high,short,male,Davis
Beagle,11428.6349,37.0146,12.3573,med,high,short,male,Miller
Beagle,11989.3061,35.3499,13.9531,low,high,short,male,Walker
Boxer,32810.3017,58.2429,8.3213,high,high,short,male,Scott
Welsh Corgi,12229.675,,13.2677,low,high,med,female,Cowan
Welsh Corgi,16024.6548,31.4862,11.2926,med,high,short,female,Hanson
Beagle,9842.9868,37.082,13.7777,low,med,short,male,Chang
Boxer,32688.6352,57.4413,9.8215,high,high,short,female,Blair
Bichon Frise,5143.5144,29.8687,11.6319,high,high,med,female,Kim
Boxer,32779.7337,58.8493,8.2911,high,high,short,female,Mcclure
Boxer,34418.021,58.5973,8.901,high,high,short,male,Chaney
Beagle,11618.7897,34.3379,11.937,med,high,short,female,Shaffer
Boxer,30174.1799,,8.4499,high,high,short,female,Hubbard
Beagle,12258.15,34.0646,11.7486,med,high,short,male,Burke
Beagle,10314.2257,33.5127,13.3931,high,high,short,male,Hendricks
Boxer,35208.2385,57.1873,8.724,high,high,short,female,Russell
Beagle,9167.5232,37.8863,13.3716,med,high,short,female,Gerald
Welsh Corgi,16043.5222,26.8916,11.2495,med,high,short,female,Parks
Welsh Corgi,14540.2836,,11.0811,med,high,med,male,Wilson
Beagle,9364.3541,35.1952,13.3257,med,high,short,female,Park
Bichon Frise,5744.8266,,15.1937,med,high,short,male,Joyce
Welsh Corgi,12314.7812,27.2927,11.1348,med,high,med,male,Wright
Bichon Frise,4900.8378,30.4162,13.3792,med,high,med,male,Wade
Bichon Frise,3131.3954,30.2789,12.9667,low,med,med,female,Davis
Beagle,10801.8922,,12.3167,med,high,short,male,Wagner
Boxer,27375.6543,,10.0152,high,high,short,female,Parker
Welsh Corgi,14721.8054,29.2172,11.028,med,high,med,female,Lane
Bichon Frise,3663.7404,30.74,12.9563,med,high,med,male,Wilson
